{
    "model_name": "LogisticRegression",
    "accuracy": 0.7521367521367521,
    "precision": 0.7596153846153846,
    "recall": 0.9518072289156626,
    "f1": 0.8449197860962567,
    "roc_auc": 0.8284904323175053
}