{
    "model_name": "RandomForest",
    "accuracy": 0.7597402597402597,
    "precision": 0.673469387755102,
    "recall": 0.6111111111111112,
    "f1": 0.6407766990291263,
    "roc_auc": 0.8127777777777778
}