{
    "model_name": "simple_cnn",
    "accuracy": 0.8345000147819519,
    "loss": 0.3793851137161255,
    "test_accuracy": 0.8345000147819519,
    "test_loss": 0.3793850243091583,
    "roc_auc": 0.9114195
}